,correct_word_similarity,top_minus_correct_similarity,similarity_index
count,18836.0,18836.0,18836.0
mean,0.6386400518757341,0.03835102459931986,27.70423656827352
std,0.07653700021862263,0.030307556260823095,22.300319210613115
min,0.34881746768951416,0.0,0.0
25%,0.5880916863679886,0.012784898281097412,1.0
50%,0.6418629586696625,0.03809076547622681,41.0
75%,0.6924556642770767,0.05682443082332611,49.0
max,0.9175187945365906,0.2320528626441956,49.0
