,correct_word_similarity,top_minus_correct_similarity,similarity_index
count,19170.0,19170.0,19170.0
mean,0.5968882426331923,0.056207197107059854,23.47412623891497
std,0.10602111328637473,0.04755330672524799,22.28497823473844
min,0.2658552527427673,0.0,0.0
25%,0.5221651345491409,0.004340872168540955,1.0
50%,0.6038226783275604,0.05481082201004028,15.0
75%,0.6761897951364517,0.08885782957077026,49.0
max,0.8961860537528992,0.3065133690834045,49.0
