,correct_word_similarity,top_minus_correct_similarity,similarity_index
count,18482.0,18482.0,18482.0
mean,0.6227696514912672,0.04147181794016718,30.549994589330158
std,0.08032022047788276,0.030128798231674622,21.923146064590664
min,0.3017989993095398,0.0,0.0
25%,0.5681956261396408,0.01995518803596497,3.0
50%,0.6238568425178528,0.041395753622055054,49.0
75%,0.6782564967870712,0.05909515917301178,49.0
max,0.9184472560882568,0.2483929395675659,49.0
