,correct_word_similarity,top_minus_correct_similarity,similarity_index
count,18482.0,18482.0,18482.0
mean,0.6927031201387353,0.058591663505256776,32.891624283086244
std,0.08549130223313696,0.03679190703941129,20.72085990351034
min,0.3385530710220337,0.0,0.0
25%,0.6405513137578964,0.03509318828582764,8.0
50%,0.7031424641609192,0.05767443776130677,49.0
75%,0.755143016576767,0.08024349808692932,49.0
max,0.9307121038436891,0.25992438197135925,49.0
